Snellius-short-genoa, HPC, Different Racks, Day,../data//2024_03_17_23_16_08
Snellius-long-genoa, HPC, Different Racks, Day,../data//2024_03_17_23_16_08
Snellius-short-genoa, HPC, Different Racks, Day,../data//2024_03_17_23_16_08
Snellius-long-genoa, HPC, Different Racks, Day,../data//2024_03_17_23_16_08
Snellius-short-genoa, HPC, Different Racks, Day,../data//2024_03_17_23_16_08
Snellius-short-genoa, HPC, Different Racks, Day,../data//2024_03_17_23_16_08
Snellius-short-genoa, HPC, Different Racks, Day,../data//2024_03_17_23_16_08
Snellius-long-genoa, HPC, Different Racks, Day,../data//2024_03_17_23_16_08
Snellius-long-genoa, HPC, Different Racks, Day,../data//2024_03_17_23_16_08
Snellius-long-genoa, HPC, Different Racks, Day,../data//2024_03_17_23_16_08
Snellius-short-genoa, HPC, Different Racks, Day,../data//2024_03_17_23_16_08
Snellius-long-genoa, HPC, Different Racks, Day,../data//2024_03_17_23_16_08
Snellius-long-genoa, HPC, Different Racks, Day,../data//2024_03_17_23_16_08
Snellius-short-genoa, HPC, Different Racks, Day,../data//2024_03_17_23_16_08
Snellius-short-genoa, HPC, Different Racks, Day,../data//2024_03_17_23_16_08
Snellius-short-genoa, HPC, Different Racks, Day,../data//2024_03_17_23_16_08
Snellius-short-genoa, HPC, Different Racks, Day,../data//2024_03_17_23_16_08
Snellius-long-genoa, HPC, Different Racks, Day,../data//2024_03_17_23_16_08
Snellius-long-genoa, HPC, Different Racks, Day,../data//2024_03_17_23_16_08
Snellius-long-genoa, HPC, Different Racks, Day,../data//2024_03_17_23_16_08
Snellius-short-genoa, HPC, Different Racks, Day,../data//2024_03_17_23_16_08
Snellius-short-genoa, HPC, Different Racks, Day,../data//2024_03_17_23_16_08
Snellius-short-genoa, HPC, Different Racks, Day,../data//2024_03_17_23_16_08
Snellius-short-genoa, HPC, Different Racks, Day,../data//2024_03_17_23_16_08
Snellius-short-genoa, HPC, Different Racks, Day,../data//2024_03_17_23_16_08
Snellius-short-genoa, HPC, Different Racks, Day,../data//2024_03_17_23_16_08
Snellius-short-genoa, HPC, Different Racks, Day,../data//2024_03_17_23_16_08
Snellius-long-genoa, HPC, Different Racks, Day,../data//2024_03_17_23_16_08
Snellius-short-genoa, HPC, Different Racks, Day,../data//2024_03_17_23_16_08
Snellius-short-genoa, HPC, Different Racks, Day,../data//2024_03_17_23_16_08
Snellius-short-genoa, HPC, Different Racks, Day,../data//2024_03_17_23_16_08
Snellius-long-genoa, HPC, Different Racks, Day,../data//2024_03_17_23_16_08
Snellius-long-genoa, HPC, Different Racks, Day,../data//2024_03_17_23_16_08
Snellius-long-genoa, HPC, Different Racks, Day,../data//2024_03_17_23_16_08
Snellius-long-genoa, HPC, Different Racks, Day,../data//2024_03_17_23_16_08
Snellius-long-genoa, HPC, Different Racks, Day,../data//2024_03_17_23_16_08
Snellius-short-genoa, HPC, Different Racks, Day,../data//2024_03_17_23_16_08
Snellius-long-genoa, HPC, Different Racks, Day,../data//2024_03_17_23_16_08
Snellius-long-genoa, HPC,Compute,,../data//2024_03_17_23_16_08/gemm_
Snellius-long-genoa, HPC, Different Racks, Day,../data//2024_03_17_23_16_08
Snellius-long-genoa, HPC, Different Racks, Day,../data//2024_03_17_23_16_08
Snellius-long-genoa, HPC, Different Racks, Day,../data//2024_03_17_23_16_08
Snellius-short-genoa, HPC, Different Racks, Day,../data//2024_03_17_23_16_08
Snellius-long-genoa, HPC, Different Racks, Day,../data//2024_03_17_23_16_08
Snellius-long-genoa, HPC, Different Racks, Day,../data//2024_03_17_23_16_08
Snellius-long-genoa, HPC, Different Racks, Day,../data//2024_03_17_23_16_08
Snellius-long-genoa, HPC, Different Racks, Day,../data//2024_03_17_23_16_08
Snellius-long-genoa, HPC, Different Racks, Day,../data//2024_03_17_23_16_08
Snellius-long-genoa, HPC, Different Racks, Day,../data//2024_03_17_23_16_08
Snellius-long-genoa, HPC, Different Racks, Day,../data//2024_03_17_23_16_08
Snellius-short-genoa, HPC, Different Racks, Day,../data//2024_03_17_23_16_08
Snellius-long-genoa, HPC, Different Racks, Day,../data//2024_03_17_23_16_08
Snellius-short-genoa, HPC, Different Racks, Day,../data//2024_03_17_23_16_08
Snellius-short-genoa, HPC, Different Racks, Day,../data//2024_03_17_23_16_08
Snellius-short-genoa, HPC,Compute,,../data//2024_03_17_23_16_08/gemm_
Snellius-long-genoa, HPC, Different Racks, Day,../data//2024_03_17_23_16_08
Snellius-long-genoa, HPC, Different Racks, Day,../data//2024_03_17_23_16_08
Snellius-long-genoa, HPC, Different Racks, Day,../data//2024_03_17_23_16_08
Snellius-long-genoa, HPC, Different Racks, Day,../data//2024_03_17_23_16_08
Snellius-short-genoa, HPC, Different Racks, Day,../data//2024_03_17_23_16_08
Snellius-short-genoa, HPC, Different Racks, Day,../data//2024_03_17_23_16_08
Snellius-short-genoa, HPC, Different Racks, Day,../data//2024_03_17_23_16_08
Snellius-short-genoa, HPC, Different Racks, Day,../data//2024_03_17_23_16_08
Snellius-short-genoa, HPC,Compute,,../data//2024_03_17_23_16_08/gemm_
Snellius-short-genoa, HPC, Different Racks, Day,../data//2024_03_17_23_16_08
Snellius-short-genoa, HPC, Different Racks, Day,../data//2024_03_17_23_16_08
Snellius-long-genoa, HPC,Compute,,../data//2024_03_17_23_16_08/gemm_
Snellius-long-genoa, HPC,Compute,,../data//2024_03_17_23_16_08/gemm_
Snellius-short-genoa, HPC, Different Racks, Day,../data//2024_03_17_23_16_08
Snellius-short-genoa, HPC,Compute,,../data//2024_03_17_23_16_08/gemm_
Snellius-short-genoa, HPC,Compute,,../data//2024_03_17_23_16_08/gemm_
Snellius-short-genoa, HPC,Compute,,../data//2024_03_17_23_16_08/gemm_
Snellius-long-genoa, HPC,Compute,,../data//2024_03_17_23_16_08/gemm_
Snellius-long-genoa, HPC,Compute,,../data//2024_03_17_23_16_08/gemm_
Snellius-long-genoa, HPC,Compute,,../data//2024_03_17_23_16_08/gemm_
Snellius-short-genoa, HPC,Compute,,../data//2024_03_17_23_16_08/gemm_
Snellius-short-genoa, HPC,Compute,,../data//2024_03_17_23_16_08/gemm_
Snellius-long-genoa, HPC,Compute,,../data//2024_03_17_23_16_08/gemm_
Snellius-short-genoa, HPC,Compute,,../data//2024_03_17_23_16_08/gemm_
Snellius-short-genoa, HPC,Compute,,../data//2024_03_17_23_16_08/gemm_
Snellius-short-genoa, HPC,Compute,,../data//2024_03_17_23_16_08/gemm_
Snellius-short-genoa, HPC,Compute,,../data//2024_03_17_23_16_08/gemm_
Snellius-long-genoa, HPC,Compute,,../data//2024_03_17_23_16_08/gemm_
Snellius-long-genoa, HPC,Compute,,../data//2024_03_17_23_16_08/gemm_
Snellius-short-genoa, HPC,Compute,,../data//2024_03_17_23_16_08/gemm_
Snellius-long-genoa, HPC,Compute,,../data//2024_03_17_23_16_08/gemm_
Snellius-short-genoa, HPC,Compute,,../data//2024_03_17_23_16_08/gemm_
Snellius-short-genoa, HPC,Compute,,../data//2024_03_17_23_16_08/gemm_
Snellius-short-genoa, HPC,Compute,,../data//2024_03_17_23_16_08/gemm_
Snellius-long-genoa, HPC,Compute,,../data//2024_03_17_23_16_08/gemm_
Snellius-short-genoa, HPC,Compute,,../data//2024_03_17_23_16_08/gemm_
Snellius-short-genoa, HPC,Compute,,../data//2024_03_17_23_16_08/gemm_
Snellius-long-genoa, HPC,Compute,,../data//2024_03_17_23_16_08/gemm_
Snellius-short-genoa, HPC,Compute,,../data//2024_03_17_23_16_08/gemm_
Snellius-long-genoa, HPC,Compute,,../data//2024_03_17_23_16_08/gemm_
Snellius-short-genoa, HPC,Compute,,../data//2024_03_17_23_16_08/gemm_
Snellius-long-genoa, HPC,Compute,,../data//2024_03_17_23_16_08/gemm_
Snellius-long-genoa, HPC,Compute,,../data//2024_03_17_23_16_08/gemm_
Snellius-short-genoa, HPC,Compute,,../data//2024_03_17_23_16_08/gemm_
Snellius-long-genoa, HPC,Compute,,../data//2024_03_17_23_16_08/gemm_
Snellius-short-genoa, HPC,Compute,,../data//2024_03_17_23_16_08/gemm_
Snellius-short-genoa, HPC,Compute,,../data//2024_03_17_23_16_08/gemm_
Snellius-long-genoa, HPC,Compute,,../data//2024_03_17_23_16_08/gemm_
Snellius-long-genoa, HPC,Compute,,../data//2024_03_17_23_16_08/gemm_
Snellius-long-genoa, HPC,Compute,,../data//2024_03_17_23_16_08/gemm_
Snellius-long-genoa, HPC,Compute,,../data//2024_03_17_23_16_08/gemm_
Snellius-short-genoa, HPC,Compute,,../data//2024_03_17_23_16_08/gemm_
Snellius-long-genoa, HPC,Compute,,../data//2024_03_17_23_16_08/gemm_
Snellius-short-genoa, HPC,Compute,,../data//2024_03_17_23_16_08/gemm_
Snellius-long-genoa, HPC,Compute,,../data//2024_03_17_23_16_08/gemm_
Snellius-long-genoa, HPC,Compute,,../data//2024_03_17_23_16_08/gemm_
Snellius-long-genoa, HPC,Compute,,../data//2024_03_17_23_16_08/gemm_
Snellius-short-genoa, HPC,Compute,,../data//2024_03_17_23_16_08/gemm_
Snellius-long-genoa, HPC,Compute,,../data//2024_03_17_23_16_08/gemm_
Snellius-long-genoa, HPC,Compute,,../data//2024_03_17_23_16_08/gemm_
Snellius-short-genoa, HPC,Compute,,../data//2024_03_17_23_16_08/gemm_
Snellius-long-genoa, HPC,Compute,,../data//2024_03_17_23_16_08/gemm_
Snellius-short-genoa, HPC,Compute,,../data//2024_03_17_23_16_08/gemm_
Snellius-short-genoa, HPC,Compute,,../data//2024_03_17_23_16_08/gemm_
Snellius-short-genoa, HPC,Compute,,../data//2024_03_17_23_16_08/gemm_
Snellius-long-genoa, HPC,Compute,,../data//2024_03_17_23_16_08/gemm_
Snellius-long-genoa, HPC,Compute,,../data//2024_03_17_23_16_08/gemm_
Snellius-long-genoa, HPC,Compute,,../data//2024_03_17_23_16_08/gemm_
Snellius-long-genoa, HPC,Compute,,../data//2024_03_17_23_16_08/gemm_
Snellius-long-genoa, HPC,Compute,,../data//2024_03_17_23_16_08/gemm_
Snellius-short-genoa, HPC,Compute,,../data//2024_03_17_23_16_08/gemm_
Snellius-short-genoa, HPC,Compute,,../data//2024_03_17_23_16_08/gemm_
Snellius-short-genoa, HPC,Compute,,../data//2024_03_17_23_16_08/gemm_
Snellius-short-genoa, HPC, Same Rack, Day,../data//2024_03_17_23_16_10
Snellius-short-genoa, HPC, Same Rack, Day,../data//2024_03_17_23_16_10
Snellius-long-genoa, HPC, Same Rack, Day,../data//2024_03_17_23_16_10
Snellius-long-genoa, HPC, Same Rack, Day,../data//2024_03_17_23_16_10
Snellius-long-genoa, HPC, Same Rack, Day,../data//2024_03_17_23_16_10
Snellius-long-genoa, HPC, Same Rack, Day,../data//2024_03_17_23_16_10
Snellius-long-genoa, HPC, Same Rack, Day,../data//2024_03_17_23_16_10
Snellius-long-genoa, HPC, Same Rack, Day,../data//2024_03_17_23_16_10
Snellius-long-genoa, HPC, Same Rack, Day,../data//2024_03_17_23_16_10
Snellius-short-genoa, HPC, Same Rack, Day,../data//2024_03_17_23_16_10
Snellius-long-genoa, HPC, Same Rack, Day,../data//2024_03_17_23_16_10
Snellius-long-genoa, HPC, Same Rack, Day,../data//2024_03_17_23_16_10
Snellius-long-genoa, HPC, Same Rack, Day,../data//2024_03_17_23_16_10
Snellius-long-genoa, HPC, Same Rack, Day,../data//2024_03_17_23_16_10
Snellius-short-genoa, HPC, Same Rack, Day,../data//2024_03_17_23_16_10
Snellius-long-genoa, HPC, Same Rack, Day,../data//2024_03_17_23_16_10
Snellius-long-genoa, HPC, Same Rack, Day,../data//2024_03_17_23_16_10
Snellius-long-genoa, HPC, Same Rack, Day,../data//2024_03_17_23_16_10
Snellius-long-genoa, HPC, Same Rack, Day,../data//2024_03_17_23_16_10
Snellius-long-genoa, HPC, Same Rack, Day,../data//2024_03_17_23_16_10
Snellius-short-genoa, HPC, Same Rack, Day,../data//2024_03_17_23_16_10
Snellius-long-genoa, HPC, Same Rack, Day,../data//2024_03_17_23_16_10
Snellius-long-genoa, HPC, Same Rack, Day,../data//2024_03_17_23_16_10
Snellius-long-genoa, HPC, Same Rack, Day,../data//2024_03_17_23_16_10
Snellius-short-genoa, HPC, Same Rack, Day,../data//2024_03_17_23_16_10
Snellius-long-genoa, HPC, Same Rack, Day,../data//2024_03_17_23_16_10
Snellius-short-genoa, HPC, Same Rack, Day,../data//2024_03_17_23_16_10
Snellius-short-genoa, HPC, Same Rack, Day,../data//2024_03_17_23_16_10
Snellius-long-genoa, HPC, Same Rack, Day,../data//2024_03_17_23_16_10
Snellius-long-genoa, HPC, Same Rack, Day,../data//2024_03_17_23_16_10
Snellius-long-genoa, HPC, Same Rack, Day,../data//2024_03_17_23_16_10
Snellius-short-genoa, HPC, Same Rack, Day,../data//2024_03_17_23_16_10
Snellius-short-genoa, HPC, Same Rack, Day,../data//2024_03_17_23_16_10
Snellius-short-genoa, HPC, Same Rack, Day,../data//2024_03_17_23_16_10
Snellius-long-genoa, HPC, Same Rack, Day,../data//2024_03_17_23_16_10
Snellius-long-genoa, HPC, Same Rack, Day,../data//2024_03_17_23_16_10
Snellius-long-genoa, HPC, Same Rack, Day,../data//2024_03_17_23_16_10
Snellius-short-genoa, HPC, Same Rack, Day,../data//2024_03_17_23_16_10
Snellius-short-genoa, HPC, Same Rack, Day,../data//2024_03_17_23_16_10
Snellius-short-genoa, HPC, Same Rack, Day,../data//2024_03_17_23_16_10
Snellius-short-genoa, HPC, Same Rack, Day,../data//2024_03_17_23_16_10
Snellius-short-genoa, HPC, Same Rack, Day,../data//2024_03_17_23_16_10
Snellius-long-genoa, HPC, Same Rack, Day,../data//2024_03_17_23_16_10
Snellius-short-genoa, HPC, Same Rack, Day,../data//2024_03_17_23_16_10
Snellius-long-genoa, HPC, Same Rack, Day,../data//2024_03_17_23_16_10
Snellius-long-genoa, HPC, Same Rack, Day,../data//2024_03_17_23_16_10
Snellius-short-genoa, HPC, Same Rack, Day,../data//2024_03_17_23_16_10
Snellius-short-genoa, HPC, Same Rack, Day,../data//2024_03_17_23_16_10
Snellius-short-genoa, HPC, Same Rack, Day,../data//2024_03_17_23_16_10
Snellius-short-genoa, HPC, Same Rack, Day,../data//2024_03_17_23_16_10
Snellius-short-genoa, HPC, Same Rack, Day,../data//2024_03_17_23_16_10
Snellius-short-genoa, HPC, Same Rack, Day,../data//2024_03_17_23_16_10
Snellius-long-genoa, HPC, Same Rack, Day,../data//2024_03_17_23_16_10
Snellius-long-genoa, HPC, Same Rack, Day,../data//2024_03_17_23_16_10
Snellius-short-genoa, HPC, Same Rack, Day,../data//2024_03_17_23_16_10
Snellius-short-genoa, HPC, Same Rack, Day,../data//2024_03_17_23_16_10
Snellius-short-genoa, HPC, Same Rack, Day,../data//2024_03_17_23_16_10
Snellius-short-genoa, HPC, Same Rack, Day,../data//2024_03_17_23_16_10
Snellius-short-genoa, HPC, Same Rack, Day,../data//2024_03_17_23_16_10
Snellius-short-genoa, HPC, Same Rack, Day,../data//2024_03_17_23_16_10
Snellius-short-genoa, HPC, Same Rack, Day,../data//2024_03_17_23_16_10
Snellius-long-genoa, HPC, Same Rack, Day,../data//2024_03_17_23_16_10
Snellius-short-genoa, HPC, Same Rack, Day,../data//2024_03_17_23_16_10
Snellius-short-genoa, HPC, Same Rack, Day,../data//2024_03_17_23_16_10
Snellius-long-genoa, HPC,Compute,,../data//2024_03_17_23_16_10/gemm_
Snellius-short-genoa, HPC,Compute,,../data//2024_03_17_23_16_10/gemm_
Snellius-long-genoa, HPC,Compute,,../data//2024_03_17_23_16_10/gemm_
Snellius-long-genoa, HPC,Compute,,../data//2024_03_17_23_16_10/gemm_
Snellius-long-genoa, HPC,Compute,,../data//2024_03_17_23_16_10/gemm_
Snellius-long-genoa, HPC,Compute,,../data//2024_03_17_23_16_10/gemm_
Snellius-long-genoa, HPC,Compute,,../data//2024_03_17_23_16_10/gemm_
Snellius-long-genoa, HPC,Compute,,../data//2024_03_17_23_16_10/gemm_
Snellius-short-genoa, HPC,Compute,,../data//2024_03_17_23_16_10/gemm_
Snellius-short-genoa, HPC,Compute,,../data//2024_03_17_23_16_10/gemm_
Snellius-long-genoa, HPC,Compute,,../data//2024_03_17_23_16_10/gemm_
Snellius-long-genoa, HPC,Compute,,../data//2024_03_17_23_16_10/gemm_
Snellius-long-genoa, HPC,Compute,,../data//2024_03_17_23_16_10/gemm_
Snellius-long-genoa, HPC,Compute,,../data//2024_03_17_23_16_10/gemm_
Snellius-long-genoa, HPC,Compute,,../data//2024_03_17_23_16_10/gemm_
Snellius-long-genoa, HPC,Compute,,../data//2024_03_17_23_16_10/gemm_
Snellius-short-genoa, HPC,Compute,,../data//2024_03_17_23_16_10/gemm_
Snellius-long-genoa, HPC,Compute,,../data//2024_03_17_23_16_10/gemm_
Snellius-long-genoa, HPC,Compute,,../data//2024_03_17_23_16_10/gemm_
Snellius-long-genoa, HPC,Compute,,../data//2024_03_17_23_16_10/gemm_
Snellius-long-genoa, HPC,Compute,,../data//2024_03_17_23_16_10/gemm_
Snellius-long-genoa, HPC,Compute,,../data//2024_03_17_23_16_10/gemm_
Snellius-short-genoa, HPC,Compute,,../data//2024_03_17_23_16_10/gemm_
Snellius-short-genoa, HPC,Compute,,../data//2024_03_17_23_16_10/gemm_
Snellius-long-genoa, HPC,Compute,,../data//2024_03_17_23_16_10/gemm_
Snellius-short-genoa, HPC,Compute,,../data//2024_03_17_23_16_10/gemm_
Snellius-long-genoa, HPC,Compute,,../data//2024_03_17_23_16_10/gemm_
Snellius-long-genoa, HPC,Compute,,../data//2024_03_17_23_16_10/gemm_
Snellius-long-genoa, HPC,Compute,,../data//2024_03_17_23_16_10/gemm_
Snellius-long-genoa, HPC,Compute,,../data//2024_03_17_23_16_10/gemm_
Snellius-long-genoa, HPC,Compute,,../data//2024_03_17_23_16_10/gemm_
Snellius-short-genoa, HPC,Compute,,../data//2024_03_17_23_16_10/gemm_
Snellius-long-genoa, HPC,Compute,,../data//2024_03_17_23_16_10/gemm_
Snellius-short-genoa, HPC,Compute,,../data//2024_03_17_23_16_10/gemm_
Snellius-short-genoa, HPC,Compute,,../data//2024_03_17_23_16_10/gemm_
Snellius-short-genoa, HPC,Compute,,../data//2024_03_17_23_16_10/gemm_
Snellius-short-genoa, HPC,Compute,,../data//2024_03_17_23_16_10/gemm_
Snellius-short-genoa, HPC,Compute,,../data//2024_03_17_23_16_10/gemm_
Snellius-short-genoa, HPC,Compute,,../data//2024_03_17_23_16_10/gemm_
Snellius-long-genoa, HPC,Compute,,../data//2024_03_17_23_16_10/gemm_
Snellius-long-genoa, HPC,Compute,,../data//2024_03_17_23_16_10/gemm_
Snellius-short-genoa, HPC,Compute,,../data//2024_03_17_23_16_10/gemm_
Snellius-short-genoa, HPC,Compute,,../data//2024_03_17_23_16_10/gemm_
Snellius-short-genoa, HPC,Compute,,../data//2024_03_17_23_16_10/gemm_
Snellius-short-genoa, HPC,Compute,,../data//2024_03_17_23_16_10/gemm_
Snellius-short-genoa, HPC,Compute,,../data//2024_03_17_23_16_10/gemm_
Snellius-long-genoa, HPC,Compute,,../data//2024_03_17_23_16_10/gemm_
Snellius-long-genoa, HPC,Compute,,../data//2024_03_17_23_16_10/gemm_
Snellius-short-genoa, HPC,Compute,,../data//2024_03_17_23_16_10/gemm_
Snellius-short-genoa, HPC,Compute,,../data//2024_03_17_23_16_10/gemm_
Snellius-long-genoa, HPC,Compute,,../data//2024_03_17_23_16_10/gemm_
Snellius-long-genoa, HPC,Compute,,../data//2024_03_17_23_16_10/gemm_
Snellius-short-genoa, HPC,Compute,,../data//2024_03_17_23_16_10/gemm_
Snellius-short-genoa, HPC,Compute,,../data//2024_03_17_23_16_10/gemm_
Snellius-short-genoa, HPC,Compute,,../data//2024_03_17_23_16_10/gemm_
Snellius-short-genoa, HPC,Compute,,../data//2024_03_17_23_16_10/gemm_
Snellius-short-genoa, HPC,Compute,,../data//2024_03_17_23_16_10/gemm_
Snellius-short-genoa, HPC,Compute,,../data//2024_03_17_23_16_10/gemm_
Snellius-short-genoa, HPC,Compute,,../data//2024_03_17_23_16_10/gemm_
Snellius-short-genoa, HPC,Compute,,../data//2024_03_17_23_16_10/gemm_
Snellius-short-genoa, HPC,Compute,,../data//2024_03_17_23_16_10/gemm_
Snellius-long-genoa, HPC,Compute,,../data//2024_03_17_23_16_10/gemm_
Snellius-short-genoa, HPC,Compute,,../data//2024_03_17_23_16_10/gemm_
Snellius-short-genoa, HPC,Compute,,../data//2024_03_17_23_16_10/gemm_
